"Benchmark","R","Mode","Threads","Samples","Score","Score Error (99.9%)","Unit","Param: blockTypeStr"
"checkNearestNSWE","rate","thrpt",4,10,2197.547809,3.169019,"ops/s",RANDOM
"checkNearestNSWE","CPI","thrpt",4,1,1.251928,NaN,"clks/insn",RANDOM
"checkNearestNSWE","IPC","thrpt",4,1,0.798768,NaN,"insns/clk",RANDOM
"checkNearestNSWE","L1-dcache-loads","thrpt",4,1,345024.405694,NaN,"#/op",RANDOM
"checkNearestNSWE","L1-dcache-stores","thrpt",4,1,93115.629239,NaN,"#/op",RANDOM
"checkNearestNSWE","L1-icache-load-misses","thrpt",4,1,964.675266,NaN,"#/op",RANDOM
"checkNearestNSWE","L1-icache-loads","thrpt",4,1,520729.016892,NaN,"#/op",RANDOM
"checkNearestNSWE","LLC-load-misses","thrpt",4,1,0.034432,NaN,"#/op",RANDOM
"checkNearestNSWE","LLC-loads","thrpt",4,1,4242.024867,NaN,"#/op",RANDOM
"checkNearestNSWE","LLC-store-misses","thrpt",4,1,0.000976,NaN,"#/op",RANDOM
"checkNearestNSWE","LLC-stores","thrpt",4,1,64.354098,NaN,"#/op",RANDOM
"checkNearestNSWE","branch-misses","thrpt",4,1,3405.715675,NaN,"#/op",RANDOM
"checkNearestNSWE","branches","thrpt",4,1,154784.851349,NaN,"#/op",RANDOM
"checkNearestNSWE","cycles","thrpt",4,1,1390694.748695,NaN,"#/op",RANDOM
"checkNearestNSWE","dTLB-load-misses","thrpt",4,1,2417.639593,NaN,"#/op",RANDOM
"checkNearestNSWE","dTLB-loads","thrpt",4,1,345088.387813,NaN,"#/op",RANDOM
"checkNearestNSWE","dTLB-store-misses","thrpt",4,1,4.345529,NaN,"#/op",RANDOM
"checkNearestNSWE","dTLB-stores","thrpt",4,1,93128.997582,NaN,"#/op",RANDOM
"checkNearestNSWE","iTLB-load-misses","thrpt",4,1,66.610667,NaN,"#/op",RANDOM
"checkNearestNSWE","instructions","thrpt",4,1,1110842.348535,NaN,"#/op",RANDOM
"checkNearestNSWE","rate","thrpt",4,10,16343.322110,54.754496,"ops/s",FLAT_BLOCK
"checkNearestNSWE","CPI","thrpt",4,1,0.411117,NaN,"clks/insn",FLAT_BLOCK
"checkNearestNSWE","IPC","thrpt",4,1,2.432395,NaN,"insns/clk",FLAT_BLOCK
"checkNearestNSWE","L1-dcache-loads","thrpt",4,1,99868.638264,NaN,"#/op",FLAT_BLOCK
"checkNearestNSWE","L1-dcache-stores","thrpt",4,1,10210.634316,NaN,"#/op",FLAT_BLOCK
"checkNearestNSWE","L1-icache-load-misses","thrpt",4,1,17.189726,NaN,"#/op",FLAT_BLOCK
"checkNearestNSWE","L1-icache-loads","thrpt",4,1,55600.282904,NaN,"#/op",FLAT_BLOCK
"checkNearestNSWE","LLC-load-misses","thrpt",4,1,0.000005,NaN,"#/op",FLAT_BLOCK
"checkNearestNSWE","LLC-loads","thrpt",4,1,6.631539,NaN,"#/op",FLAT_BLOCK
"checkNearestNSWE","LLC-store-misses","thrpt",4,1,0.000067,NaN,"#/op",FLAT_BLOCK
"checkNearestNSWE","LLC-stores","thrpt",4,1,0.517107,NaN,"#/op",FLAT_BLOCK
"checkNearestNSWE","branch-misses","thrpt",4,1,11.915411,NaN,"#/op",FLAT_BLOCK
"checkNearestNSWE","branches","thrpt",4,1,49986.044819,NaN,"#/op",FLAT_BLOCK
"checkNearestNSWE","cycles","thrpt",4,1,188719.075320,NaN,"#/op",FLAT_BLOCK
"checkNearestNSWE","dTLB-load-misses","thrpt",4,1,0.632116,NaN,"#/op",FLAT_BLOCK
"checkNearestNSWE","dTLB-loads","thrpt",4,1,100387.520607,NaN,"#/op",FLAT_BLOCK
"checkNearestNSWE","dTLB-store-misses","thrpt",4,1,0.019624,NaN,"#/op",FLAT_BLOCK
"checkNearestNSWE","dTLB-stores","thrpt",4,1,10233.691703,NaN,"#/op",FLAT_BLOCK
"checkNearestNSWE","iTLB-load-misses","thrpt",4,1,6.628119,NaN,"#/op",FLAT_BLOCK
"checkNearestNSWE","instructions","thrpt",4,1,459039.397740,NaN,"#/op",FLAT_BLOCK
"checkNearestNSWE","rate","thrpt",4,10,2939.557289,3.437248,"ops/s",COMPLEX_BLOCK
"checkNearestNSWE","CPI","thrpt",4,1,1.672172,NaN,"clks/insn",COMPLEX_BLOCK
"checkNearestNSWE","IPC","thrpt",4,1,0.598025,NaN,"insns/clk",COMPLEX_BLOCK
"checkNearestNSWE","L1-dcache-loads","thrpt",4,1,132221.370300,NaN,"#/op",COMPLEX_BLOCK
"checkNearestNSWE","L1-dcache-stores","thrpt",4,1,1449.420684,NaN,"#/op",COMPLEX_BLOCK
"checkNearestNSWE","L1-icache-load-misses","thrpt",4,1,683.862514,NaN,"#/op",COMPLEX_BLOCK
"checkNearestNSWE","L1-icache-loads","thrpt",4,1,296141.760670,NaN,"#/op",COMPLEX_BLOCK
"checkNearestNSWE","LLC-load-misses","thrpt",4,1,0.000425,NaN,"#/op",COMPLEX_BLOCK
"checkNearestNSWE","LLC-loads","thrpt",4,1,5510.076407,NaN,"#/op",COMPLEX_BLOCK
"checkNearestNSWE","LLC-store-misses","thrpt",4,1,0.000417,NaN,"#/op",COMPLEX_BLOCK
"checkNearestNSWE","LLC-stores","thrpt",4,1,47.421175,NaN,"#/op",COMPLEX_BLOCK
"checkNearestNSWE","branch-misses","thrpt",4,1,17.023556,NaN,"#/op",COMPLEX_BLOCK
"checkNearestNSWE","branches","thrpt",4,1,61429.147968,NaN,"#/op",COMPLEX_BLOCK
"checkNearestNSWE","cycles","thrpt",4,1,1034765.463959,NaN,"#/op",COMPLEX_BLOCK
"checkNearestNSWE","dTLB-load-misses","thrpt",4,1,2450.212007,NaN,"#/op",COMPLEX_BLOCK
"checkNearestNSWE","dTLB-loads","thrpt",4,1,132283.310341,NaN,"#/op",COMPLEX_BLOCK
"checkNearestNSWE","dTLB-store-misses","thrpt",4,1,2.340984,NaN,"#/op",COMPLEX_BLOCK
"checkNearestNSWE","dTLB-stores","thrpt",4,1,1450.067341,NaN,"#/op",COMPLEX_BLOCK
"checkNearestNSWE","iTLB-load-misses","thrpt",4,1,35.327978,NaN,"#/op",COMPLEX_BLOCK
"checkNearestNSWE","instructions","thrpt",4,1,618815.289153,NaN,"#/op",COMPLEX_BLOCK
"checkNearestNSWE","rate","thrpt",4,10,711.133011,0.259781,"ops/s",MULTILAYER_BLOCK
"checkNearestNSWE","CPI","thrpt",4,1,1.171312,NaN,"clks/insn",MULTILAYER_BLOCK
"checkNearestNSWE","IPC","thrpt",4,1,0.853744,NaN,"insns/clk",MULTILAYER_BLOCK
"checkNearestNSWE","L1-dcache-loads","thrpt",4,1,601714.850396,NaN,"#/op",MULTILAYER_BLOCK
"checkNearestNSWE","L1-dcache-stores","thrpt",4,1,35892.169359,NaN,"#/op",MULTILAYER_BLOCK
"checkNearestNSWE","L1-icache-load-misses","thrpt",4,1,1410.425016,NaN,"#/op",MULTILAYER_BLOCK
"checkNearestNSWE","L1-icache-loads","thrpt",4,1,937012.494219,NaN,"#/op",MULTILAYER_BLOCK
"checkNearestNSWE","LLC-load-misses","thrpt",4,1,0.002333,NaN,"#/op",MULTILAYER_BLOCK
"checkNearestNSWE","LLC-loads","thrpt",4,1,1301.207104,NaN,"#/op",MULTILAYER_BLOCK
"checkNearestNSWE","LLC-store-misses","thrpt",4,1,0.003348,NaN,"#/op",MULTILAYER_BLOCK
"checkNearestNSWE","LLC-stores","thrpt",4,1,52.315137,NaN,"#/op",MULTILAYER_BLOCK
"checkNearestNSWE","branch-misses","thrpt",4,1,22387.123148,NaN,"#/op",MULTILAYER_BLOCK
"checkNearestNSWE","branches","thrpt",4,1,655079.017262,NaN,"#/op",MULTILAYER_BLOCK
"checkNearestNSWE","cycles","thrpt",4,1,4333961.564340,NaN,"#/op",MULTILAYER_BLOCK
"checkNearestNSWE","dTLB-load-misses","thrpt",4,1,93.619812,NaN,"#/op",MULTILAYER_BLOCK
"checkNearestNSWE","dTLB-loads","thrpt",4,1,601793.646797,NaN,"#/op",MULTILAYER_BLOCK
"checkNearestNSWE","dTLB-store-misses","thrpt",4,1,1.072901,NaN,"#/op",MULTILAYER_BLOCK
"checkNearestNSWE","dTLB-stores","thrpt",4,1,35894.545627,NaN,"#/op",MULTILAYER_BLOCK
"checkNearestNSWE","iTLB-load-misses","thrpt",4,1,159.052513,NaN,"#/op",MULTILAYER_BLOCK
"checkNearestNSWE","instructions","thrpt",4,1,3700092.469490,NaN,"#/op",MULTILAYER_BLOCK
"checkNearestNSWEBytes","rate","thrpt",4,10,3203.969171,4.702149,"ops/s",RANDOM
"checkNearestNSWEBytes","CPI","thrpt",4,1,1.169751,NaN,"clks/insn",RANDOM
"checkNearestNSWEBytes","IPC","thrpt",4,1,0.854883,NaN,"insns/clk",RANDOM
"checkNearestNSWEBytes","L1-dcache-loads","thrpt",4,1,179874.151424,NaN,"#/op",RANDOM
"checkNearestNSWEBytes","L1-dcache-stores","thrpt",4,1,11312.162835,NaN,"#/op",RANDOM
"checkNearestNSWEBytes","L1-icache-load-misses","thrpt",4,1,714.612417,NaN,"#/op",RANDOM
"checkNearestNSWEBytes","L1-icache-loads","thrpt",4,1,255236.064948,NaN,"#/op",RANDOM
"checkNearestNSWEBytes","LLC-load-misses","thrpt",4,1,0.001233,NaN,"#/op",RANDOM
"checkNearestNSWEBytes","LLC-loads","thrpt",4,1,3238.341659,NaN,"#/op",RANDOM
"checkNearestNSWEBytes","LLC-store-misses","thrpt",4,1,0.000948,NaN,"#/op",RANDOM
"checkNearestNSWEBytes","LLC-stores","thrpt",4,1,64.472464,NaN,"#/op",RANDOM
"checkNearestNSWEBytes","branch-misses","thrpt",4,1,736.083709,NaN,"#/op",RANDOM
"checkNearestNSWEBytes","branches","thrpt",4,1,99874.133431,NaN,"#/op",RANDOM
"checkNearestNSWEBytes","cycles","thrpt",4,1,949128.773551,NaN,"#/op",RANDOM
"checkNearestNSWEBytes","dTLB-load-misses","thrpt",4,1,1318.720701,NaN,"#/op",RANDOM
"checkNearestNSWEBytes","dTLB-loads","thrpt",4,1,179933.896247,NaN,"#/op",RANDOM
"checkNearestNSWEBytes","dTLB-store-misses","thrpt",4,1,2.585410,NaN,"#/op",RANDOM
"checkNearestNSWEBytes","dTLB-stores","thrpt",4,1,11314.582931,NaN,"#/op",RANDOM
"checkNearestNSWEBytes","iTLB-load-misses","thrpt",4,1,40.981177,NaN,"#/op",RANDOM
"checkNearestNSWEBytes","instructions","thrpt",4,1,811393.612119,NaN,"#/op",RANDOM
"checkNearestNSWEBytes","rate","thrpt",4,10,22483.635863,17.530306,"ops/s",FLAT_BLOCK
"checkNearestNSWEBytes","CPI","thrpt",4,1,0.404121,NaN,"clks/insn",FLAT_BLOCK
"checkNearestNSWEBytes","IPC","thrpt",4,1,2.474506,NaN,"insns/clk",FLAT_BLOCK
"checkNearestNSWEBytes","L1-dcache-loads","thrpt",4,1,50164.817502,NaN,"#/op",FLAT_BLOCK
"checkNearestNSWEBytes","L1-dcache-stores","thrpt",4,1,200.079827,NaN,"#/op",FLAT_BLOCK
"checkNearestNSWEBytes","L1-icache-load-misses","thrpt",4,1,8.569982,NaN,"#/op",FLAT_BLOCK
"checkNearestNSWEBytes","L1-icache-loads","thrpt",4,1,41968.666913,NaN,"#/op",FLAT_BLOCK
"checkNearestNSWEBytes","LLC-load-misses","thrpt",4,1,0.000000,NaN,"#/op",FLAT_BLOCK
"checkNearestNSWEBytes","LLC-loads","thrpt",4,1,1.162439,NaN,"#/op",FLAT_BLOCK
"checkNearestNSWEBytes","LLC-store-misses","thrpt",4,1,0.000011,NaN,"#/op",FLAT_BLOCK
"checkNearestNSWEBytes","LLC-stores","thrpt",4,1,0.593651,NaN,"#/op",FLAT_BLOCK
"checkNearestNSWEBytes","branch-misses","thrpt",4,1,11.653965,NaN,"#/op",FLAT_BLOCK
"checkNearestNSWEBytes","branches","thrpt",4,1,59927.794099,NaN,"#/op",FLAT_BLOCK
"checkNearestNSWEBytes","cycles","thrpt",4,1,137265.420635,NaN,"#/op",FLAT_BLOCK
"checkNearestNSWEBytes","dTLB-load-misses","thrpt",4,1,0.971761,NaN,"#/op",FLAT_BLOCK
"checkNearestNSWEBytes","dTLB-loads","thrpt",4,1,50255.335376,NaN,"#/op",FLAT_BLOCK
"checkNearestNSWEBytes","dTLB-store-misses","thrpt",4,1,0.050959,NaN,"#/op",FLAT_BLOCK
"checkNearestNSWEBytes","dTLB-stores","thrpt",4,1,200.045753,NaN,"#/op",FLAT_BLOCK
"checkNearestNSWEBytes","iTLB-load-misses","thrpt",4,1,5.033111,NaN,"#/op",FLAT_BLOCK
"checkNearestNSWEBytes","instructions","thrpt",4,1,339664.173367,NaN,"#/op",FLAT_BLOCK
"checkNearestNSWEBytes","rate","thrpt",4,10,4301.663197,22.687204,"ops/s",COMPLEX_BLOCK
"checkNearestNSWEBytes","CPI","thrpt",4,1,1.185067,NaN,"clks/insn",COMPLEX_BLOCK
"checkNearestNSWEBytes","IPC","thrpt",4,1,0.843834,NaN,"insns/clk",COMPLEX_BLOCK
"checkNearestNSWEBytes","L1-dcache-loads","thrpt",4,1,121381.131064,NaN,"#/op",COMPLEX_BLOCK
"checkNearestNSWEBytes","L1-dcache-stores","thrpt",4,1,10942.725696,NaN,"#/op",COMPLEX_BLOCK
"checkNearestNSWEBytes","L1-icache-load-misses","thrpt",4,1,432.768227,NaN,"#/op",COMPLEX_BLOCK
"checkNearestNSWEBytes","L1-icache-loads","thrpt",4,1,222441.956288,NaN,"#/op",COMPLEX_BLOCK
"checkNearestNSWEBytes","LLC-load-misses","thrpt",4,1,0.000640,NaN,"#/op",COMPLEX_BLOCK
"checkNearestNSWEBytes","LLC-loads","thrpt",4,1,3145.977269,NaN,"#/op",COMPLEX_BLOCK
"checkNearestNSWEBytes","LLC-store-misses","thrpt",4,1,0.000201,NaN,"#/op",COMPLEX_BLOCK
"checkNearestNSWEBytes","LLC-stores","thrpt",4,1,41.551986,NaN,"#/op",COMPLEX_BLOCK
"checkNearestNSWEBytes","branch-misses","thrpt",4,1,15.347548,NaN,"#/op",COMPLEX_BLOCK
"checkNearestNSWEBytes","branches","thrpt",4,1,71027.659494,NaN,"#/op",COMPLEX_BLOCK
"checkNearestNSWEBytes","cycles","thrpt",4,1,707261.702030,NaN,"#/op",COMPLEX_BLOCK
"checkNearestNSWEBytes","dTLB-load-misses","thrpt",4,1,1278.138860,NaN,"#/op",COMPLEX_BLOCK
"checkNearestNSWEBytes","dTLB-loads","thrpt",4,1,122086.397107,NaN,"#/op",COMPLEX_BLOCK
"checkNearestNSWEBytes","dTLB-store-misses","thrpt",4,1,2.124130,NaN,"#/op",COMPLEX_BLOCK
"checkNearestNSWEBytes","dTLB-stores","thrpt",4,1,11012.096954,NaN,"#/op",COMPLEX_BLOCK
"checkNearestNSWEBytes","iTLB-load-misses","thrpt",4,1,24.351376,NaN,"#/op",COMPLEX_BLOCK
"checkNearestNSWEBytes","instructions","thrpt",4,1,596811.566247,NaN,"#/op",COMPLEX_BLOCK
"checkNearestNSWEBytes","rate","thrpt",4,10,698.859007,0.594099,"ops/s",MULTILAYER_BLOCK
"checkNearestNSWEBytes","CPI","thrpt",4,1,0.980138,NaN,"clks/insn",MULTILAYER_BLOCK
"checkNearestNSWEBytes","IPC","thrpt",4,1,1.020264,NaN,"insns/clk",MULTILAYER_BLOCK
"checkNearestNSWEBytes","L1-dcache-loads","thrpt",4,1,582143.755022,NaN,"#/op",MULTILAYER_BLOCK
"checkNearestNSWEBytes","L1-dcache-stores","thrpt",4,1,16014.805799,NaN,"#/op",MULTILAYER_BLOCK
"checkNearestNSWEBytes","L1-icache-load-misses","thrpt",4,1,1308.882049,NaN,"#/op",MULTILAYER_BLOCK
"checkNearestNSWEBytes","L1-icache-loads","thrpt",4,1,1089290.083464,NaN,"#/op",MULTILAYER_BLOCK
"checkNearestNSWEBytes","LLC-load-misses","thrpt",4,1,0.001255,NaN,"#/op",MULTILAYER_BLOCK
"checkNearestNSWEBytes","LLC-loads","thrpt",4,1,927.539437,NaN,"#/op",MULTILAYER_BLOCK
"checkNearestNSWEBytes","LLC-store-misses","thrpt",4,1,0.006392,NaN,"#/op",MULTILAYER_BLOCK
"checkNearestNSWEBytes","LLC-stores","thrpt",4,1,46.621829,NaN,"#/op",MULTILAYER_BLOCK
"checkNearestNSWEBytes","branch-misses","thrpt",4,1,23758.104561,NaN,"#/op",MULTILAYER_BLOCK
"checkNearestNSWEBytes","branches","thrpt",4,1,665246.311453,NaN,"#/op",MULTILAYER_BLOCK
"checkNearestNSWEBytes","cycles","thrpt",4,1,4415036.733566,NaN,"#/op",MULTILAYER_BLOCK
"checkNearestNSWEBytes","dTLB-load-misses","thrpt",4,1,62.762542,NaN,"#/op",MULTILAYER_BLOCK
"checkNearestNSWEBytes","dTLB-loads","thrpt",4,1,582039.606834,NaN,"#/op",MULTILAYER_BLOCK
"checkNearestNSWEBytes","dTLB-store-misses","thrpt",4,1,0.629982,NaN,"#/op",MULTILAYER_BLOCK
"checkNearestNSWEBytes","dTLB-stores","thrpt",4,1,16031.509184,NaN,"#/op",MULTILAYER_BLOCK
"checkNearestNSWEBytes","iTLB-load-misses","thrpt",4,1,153.272382,NaN,"#/op",MULTILAYER_BLOCK
"checkNearestNSWEBytes","instructions","thrpt",4,1,4504504.009547,NaN,"#/op",MULTILAYER_BLOCK
"checkNearestNSWEBytesGen","rate","thrpt",4,10,3201.087528,5.738758,"ops/s",RANDOM
"checkNearestNSWEBytesGen","CPI","thrpt",4,1,1.175459,NaN,"clks/insn",RANDOM
"checkNearestNSWEBytesGen","IPC","thrpt",4,1,0.850732,NaN,"insns/clk",RANDOM
"checkNearestNSWEBytesGen","L1-dcache-loads","thrpt",4,1,179883.406066,NaN,"#/op",RANDOM
"checkNearestNSWEBytesGen","L1-dcache-stores","thrpt",4,1,11314.476916,NaN,"#/op",RANDOM
"checkNearestNSWEBytesGen","L1-icache-load-misses","thrpt",4,1,619.467706,NaN,"#/op",RANDOM
"checkNearestNSWEBytesGen","L1-icache-loads","thrpt",4,1,248103.025017,NaN,"#/op",RANDOM
"checkNearestNSWEBytesGen","LLC-load-misses","thrpt",4,1,0.002001,NaN,"#/op",RANDOM
"checkNearestNSWEBytesGen","LLC-loads","thrpt",4,1,3203.439531,NaN,"#/op",RANDOM
"checkNearestNSWEBytesGen","LLC-store-misses","thrpt",4,1,0.000758,NaN,"#/op",RANDOM
"checkNearestNSWEBytesGen","LLC-stores","thrpt",4,1,59.335657,NaN,"#/op",RANDOM
"checkNearestNSWEBytesGen","branch-misses","thrpt",4,1,701.444655,NaN,"#/op",RANDOM
"checkNearestNSWEBytesGen","branches","thrpt",4,1,99886.291758,NaN,"#/op",RANDOM
"checkNearestNSWEBytesGen","cycles","thrpt",4,1,950285.479723,NaN,"#/op",RANDOM
"checkNearestNSWEBytesGen","dTLB-load-misses","thrpt",4,1,1336.205460,NaN,"#/op",RANDOM
"checkNearestNSWEBytesGen","dTLB-loads","thrpt",4,1,179928.014802,NaN,"#/op",RANDOM
"checkNearestNSWEBytesGen","dTLB-store-misses","thrpt",4,1,2.542290,NaN,"#/op",RANDOM
"checkNearestNSWEBytesGen","dTLB-stores","thrpt",4,1,11316.615877,NaN,"#/op",RANDOM
"checkNearestNSWEBytesGen","iTLB-load-misses","thrpt",4,1,39.244085,NaN,"#/op",RANDOM
"checkNearestNSWEBytesGen","instructions","thrpt",4,1,808437.990434,NaN,"#/op",RANDOM
"checkNearestNSWEBytesGen","rate","thrpt",4,10,22599.387374,27.658332,"ops/s",FLAT_BLOCK
"checkNearestNSWEBytesGen","CPI","thrpt",4,1,0.402099,NaN,"clks/insn",FLAT_BLOCK
"checkNearestNSWEBytesGen","IPC","thrpt",4,1,2.486951,NaN,"insns/clk",FLAT_BLOCK
"checkNearestNSWEBytesGen","L1-dcache-loads","thrpt",4,1,50155.309922,NaN,"#/op",FLAT_BLOCK
"checkNearestNSWEBytesGen","L1-dcache-stores","thrpt",4,1,198.611313,NaN,"#/op",FLAT_BLOCK
"checkNearestNSWEBytesGen","L1-icache-load-misses","thrpt",4,1,9.914514,NaN,"#/op",FLAT_BLOCK
"checkNearestNSWEBytesGen","L1-icache-loads","thrpt",4,1,42093.662061,NaN,"#/op",FLAT_BLOCK
"checkNearestNSWEBytesGen","LLC-load-misses","thrpt",4,1,0.000009,NaN,"#/op",FLAT_BLOCK
"checkNearestNSWEBytesGen","LLC-loads","thrpt",4,1,1.355831,NaN,"#/op",FLAT_BLOCK
"checkNearestNSWEBytesGen","LLC-store-misses","thrpt",4,1,0.000156,NaN,"#/op",FLAT_BLOCK
"checkNearestNSWEBytesGen","LLC-stores","thrpt",4,1,0.408507,NaN,"#/op",FLAT_BLOCK
"checkNearestNSWEBytesGen","branch-misses","thrpt",4,1,11.639346,NaN,"#/op",FLAT_BLOCK
"checkNearestNSWEBytesGen","branches","thrpt",4,1,59916.863759,NaN,"#/op",FLAT_BLOCK
"checkNearestNSWEBytesGen","cycles","thrpt",4,1,136555.416057,NaN,"#/op",FLAT_BLOCK
"checkNearestNSWEBytesGen","dTLB-load-misses","thrpt",4,1,3.480988,NaN,"#/op",FLAT_BLOCK
"checkNearestNSWEBytesGen","dTLB-loads","thrpt",4,1,50252.885191,NaN,"#/op",FLAT_BLOCK
"checkNearestNSWEBytesGen","dTLB-store-misses","thrpt",4,1,0.006189,NaN,"#/op",FLAT_BLOCK
"checkNearestNSWEBytesGen","dTLB-stores","thrpt",4,1,198.919399,NaN,"#/op",FLAT_BLOCK
"checkNearestNSWEBytesGen","iTLB-load-misses","thrpt",4,1,4.174400,NaN,"#/op",FLAT_BLOCK
"checkNearestNSWEBytesGen","instructions","thrpt",4,1,339606.579587,NaN,"#/op",FLAT_BLOCK
"checkNearestNSWEBytesGen","rate","thrpt",4,10,4347.815271,18.018812,"ops/s",COMPLEX_BLOCK
"checkNearestNSWEBytesGen","CPI","thrpt",4,1,1.174830,NaN,"clks/insn",COMPLEX_BLOCK
"checkNearestNSWEBytesGen","IPC","thrpt",4,1,0.851187,NaN,"insns/clk",COMPLEX_BLOCK
"checkNearestNSWEBytesGen","L1-dcache-loads","thrpt",4,1,121355.420065,NaN,"#/op",COMPLEX_BLOCK
"checkNearestNSWEBytesGen","L1-dcache-stores","thrpt",4,1,10933.623490,NaN,"#/op",COMPLEX_BLOCK
"checkNearestNSWEBytesGen","L1-icache-load-misses","thrpt",4,1,431.890834,NaN,"#/op",COMPLEX_BLOCK
"checkNearestNSWEBytesGen","L1-icache-loads","thrpt",4,1,220008.747785,NaN,"#/op",COMPLEX_BLOCK
"checkNearestNSWEBytesGen","LLC-load-misses","thrpt",4,1,0.000598,NaN,"#/op",COMPLEX_BLOCK
"checkNearestNSWEBytesGen","LLC-loads","thrpt",4,1,3093.484979,NaN,"#/op",COMPLEX_BLOCK
"checkNearestNSWEBytesGen","LLC-store-misses","thrpt",4,1,0.000257,NaN,"#/op",COMPLEX_BLOCK
"checkNearestNSWEBytesGen","LLC-stores","thrpt",4,1,37.781093,NaN,"#/op",COMPLEX_BLOCK
"checkNearestNSWEBytesGen","branch-misses","thrpt",4,1,14.898608,NaN,"#/op",COMPLEX_BLOCK
"checkNearestNSWEBytesGen","branches","thrpt",4,1,70957.032169,NaN,"#/op",COMPLEX_BLOCK
"checkNearestNSWEBytesGen","cycles","thrpt",4,1,700426.687263,NaN,"#/op",COMPLEX_BLOCK
"checkNearestNSWEBytesGen","dTLB-load-misses","thrpt",4,1,1228.657306,NaN,"#/op",COMPLEX_BLOCK
"checkNearestNSWEBytesGen","dTLB-loads","thrpt",4,1,122076.967657,NaN,"#/op",COMPLEX_BLOCK
"checkNearestNSWEBytesGen","dTLB-store-misses","thrpt",4,1,2.062564,NaN,"#/op",COMPLEX_BLOCK
"checkNearestNSWEBytesGen","dTLB-stores","thrpt",4,1,10999.297134,NaN,"#/op",COMPLEX_BLOCK
"checkNearestNSWEBytesGen","iTLB-load-misses","thrpt",4,1,26.224704,NaN,"#/op",COMPLEX_BLOCK
"checkNearestNSWEBytesGen","instructions","thrpt",4,1,596194.255271,NaN,"#/op",COMPLEX_BLOCK
"checkNearestNSWEBytesGen","rate","thrpt",4,10,699.875285,0.466544,"ops/s",MULTILAYER_BLOCK
"checkNearestNSWEBytesGen","CPI","thrpt",4,1,0.980614,NaN,"clks/insn",MULTILAYER_BLOCK
"checkNearestNSWEBytesGen","IPC","thrpt",4,1,1.019769,NaN,"insns/clk",MULTILAYER_BLOCK
"checkNearestNSWEBytesGen","L1-dcache-loads","thrpt",4,1,582084.174385,NaN,"#/op",MULTILAYER_BLOCK
"checkNearestNSWEBytesGen","L1-dcache-stores","thrpt",4,1,16009.835401,NaN,"#/op",MULTILAYER_BLOCK
"checkNearestNSWEBytesGen","L1-icache-load-misses","thrpt",4,1,1418.133692,NaN,"#/op",MULTILAYER_BLOCK
"checkNearestNSWEBytesGen","L1-icache-loads","thrpt",4,1,1106470.782242,NaN,"#/op",MULTILAYER_BLOCK
"checkNearestNSWEBytesGen","LLC-load-misses","thrpt",4,1,0.001341,NaN,"#/op",MULTILAYER_BLOCK
"checkNearestNSWEBytesGen","LLC-loads","thrpt",4,1,922.738437,NaN,"#/op",MULTILAYER_BLOCK
"checkNearestNSWEBytesGen","LLC-store-misses","thrpt",4,1,0.002118,NaN,"#/op",MULTILAYER_BLOCK
"checkNearestNSWEBytesGen","LLC-stores","thrpt",4,1,39.602564,NaN,"#/op",MULTILAYER_BLOCK
"checkNearestNSWEBytesGen","branch-misses","thrpt",4,1,23491.932517,NaN,"#/op",MULTILAYER_BLOCK
"checkNearestNSWEBytesGen","branches","thrpt",4,1,665174.680193,NaN,"#/op",MULTILAYER_BLOCK
"checkNearestNSWEBytesGen","cycles","thrpt",4,1,4407735.839086,NaN,"#/op",MULTILAYER_BLOCK
"checkNearestNSWEBytesGen","dTLB-load-misses","thrpt",4,1,58.581177,NaN,"#/op",MULTILAYER_BLOCK
"checkNearestNSWEBytesGen","dTLB-loads","thrpt",4,1,582069.380245,NaN,"#/op",MULTILAYER_BLOCK
"checkNearestNSWEBytesGen","dTLB-store-misses","thrpt",4,1,1.503117,NaN,"#/op",MULTILAYER_BLOCK
"checkNearestNSWEBytesGen","dTLB-stores","thrpt",4,1,16013.337049,NaN,"#/op",MULTILAYER_BLOCK
"checkNearestNSWEBytesGen","iTLB-load-misses","thrpt",4,1,196.366106,NaN,"#/op",MULTILAYER_BLOCK
"checkNearestNSWEBytesGen","instructions","thrpt",4,1,4494874.363157,NaN,"#/op",MULTILAYER_BLOCK
"checkNearestNSWEBytesMmap","rate","thrpt",4,10,3221.143037,5.651774,"ops/s",RANDOM
"checkNearestNSWEBytesMmap","CPI","thrpt",4,1,1.164277,NaN,"clks/insn",RANDOM
"checkNearestNSWEBytesMmap","IPC","thrpt",4,1,0.858902,NaN,"insns/clk",RANDOM
"checkNearestNSWEBytesMmap","L1-dcache-loads","thrpt",4,1,179854.877461,NaN,"#/op",RANDOM
"checkNearestNSWEBytesMmap","L1-dcache-stores","thrpt",4,1,11305.161973,NaN,"#/op",RANDOM
"checkNearestNSWEBytesMmap","L1-icache-load-misses","thrpt",4,1,649.177215,NaN,"#/op",RANDOM
"checkNearestNSWEBytesMmap","L1-icache-loads","thrpt",4,1,253575.916800,NaN,"#/op",RANDOM
"checkNearestNSWEBytesMmap","LLC-load-misses","thrpt",4,1,0.001262,NaN,"#/op",RANDOM
"checkNearestNSWEBytesMmap","LLC-loads","thrpt",4,1,3148.027875,NaN,"#/op",RANDOM
"checkNearestNSWEBytesMmap","LLC-store-misses","thrpt",4,1,0.000962,NaN,"#/op",RANDOM
"checkNearestNSWEBytesMmap","LLC-stores","thrpt",4,1,61.227326,NaN,"#/op",RANDOM
"checkNearestNSWEBytesMmap","branch-misses","thrpt",4,1,710.841300,NaN,"#/op",RANDOM
"checkNearestNSWEBytesMmap","branches","thrpt",4,1,99857.773255,NaN,"#/op",RANDOM
"checkNearestNSWEBytesMmap","cycles","thrpt",4,1,944512.711759,NaN,"#/op",RANDOM
"checkNearestNSWEBytesMmap","dTLB-load-misses","thrpt",4,1,1338.497685,NaN,"#/op",RANDOM
"checkNearestNSWEBytesMmap","dTLB-loads","thrpt",4,1,179925.874839,NaN,"#/op",RANDOM
"checkNearestNSWEBytesMmap","dTLB-store-misses","thrpt",4,1,2.630730,NaN,"#/op",RANDOM
"checkNearestNSWEBytesMmap","dTLB-stores","thrpt",4,1,11310.662638,NaN,"#/op",RANDOM
"checkNearestNSWEBytesMmap","iTLB-load-misses","thrpt",4,1,46.669602,NaN,"#/op",RANDOM
"checkNearestNSWEBytesMmap","instructions","thrpt",4,1,811243.902316,NaN,"#/op",RANDOM
"checkNearestNSWEBytesMmap","rate","thrpt",4,10,22523.412567,22.961866,"ops/s",FLAT_BLOCK
"checkNearestNSWEBytesMmap","CPI","thrpt",4,1,0.403579,NaN,"clks/insn",FLAT_BLOCK
"checkNearestNSWEBytesMmap","IPC","thrpt",4,1,2.477830,NaN,"insns/clk",FLAT_BLOCK
"checkNearestNSWEBytesMmap","L1-dcache-loads","thrpt",4,1,50156.766645,NaN,"#/op",FLAT_BLOCK
"checkNearestNSWEBytesMmap","L1-dcache-stores","thrpt",4,1,199.486165,NaN,"#/op",FLAT_BLOCK
"checkNearestNSWEBytesMmap","L1-icache-load-misses","thrpt",4,1,8.463036,NaN,"#/op",FLAT_BLOCK
"checkNearestNSWEBytesMmap","L1-icache-loads","thrpt",4,1,41986.069403,NaN,"#/op",FLAT_BLOCK
"checkNearestNSWEBytesMmap","LLC-load-misses","thrpt",4,1,0.000009,NaN,"#/op",FLAT_BLOCK
"checkNearestNSWEBytesMmap","LLC-loads","thrpt",4,1,0.941499,NaN,"#/op",FLAT_BLOCK
"checkNearestNSWEBytesMmap","LLC-store-misses","thrpt",4,1,0.000077,NaN,"#/op",FLAT_BLOCK
"checkNearestNSWEBytesMmap","LLC-stores","thrpt",4,1,0.310039,NaN,"#/op",FLAT_BLOCK
"checkNearestNSWEBytesMmap","branch-misses","thrpt",4,1,11.621406,NaN,"#/op",FLAT_BLOCK
"checkNearestNSWEBytesMmap","branches","thrpt",4,1,59919.388577,NaN,"#/op",FLAT_BLOCK
"checkNearestNSWEBytesMmap","cycles","thrpt",4,1,137077.588924,NaN,"#/op",FLAT_BLOCK
"checkNearestNSWEBytesMmap","dTLB-load-misses","thrpt",4,1,1.055552,NaN,"#/op",FLAT_BLOCK
"checkNearestNSWEBytesMmap","dTLB-loads","thrpt",4,1,50261.871693,NaN,"#/op",FLAT_BLOCK
"checkNearestNSWEBytesMmap","dTLB-store-misses","thrpt",4,1,0.111790,NaN,"#/op",FLAT_BLOCK
"checkNearestNSWEBytesMmap","dTLB-stores","thrpt",4,1,199.612288,NaN,"#/op",FLAT_BLOCK
"checkNearestNSWEBytesMmap","iTLB-load-misses","thrpt",4,1,4.023009,NaN,"#/op",FLAT_BLOCK
"checkNearestNSWEBytesMmap","instructions","thrpt",4,1,339654.924204,NaN,"#/op",FLAT_BLOCK
"checkNearestNSWEBytesMmap","rate","thrpt",4,10,4312.985707,11.422725,"ops/s",COMPLEX_BLOCK
"checkNearestNSWEBytesMmap","CPI","thrpt",4,1,1.182928,NaN,"clks/insn",COMPLEX_BLOCK
"checkNearestNSWEBytesMmap","IPC","thrpt",4,1,0.845360,NaN,"insns/clk",COMPLEX_BLOCK
"checkNearestNSWEBytesMmap","L1-dcache-loads","thrpt",4,1,121451.870993,NaN,"#/op",COMPLEX_BLOCK
"checkNearestNSWEBytesMmap","L1-dcache-stores","thrpt",4,1,10953.922661,NaN,"#/op",COMPLEX_BLOCK
"checkNearestNSWEBytesMmap","L1-icache-load-misses","thrpt",4,1,457.372750,NaN,"#/op",COMPLEX_BLOCK
"checkNearestNSWEBytesMmap","L1-icache-loads","thrpt",4,1,221939.458496,NaN,"#/op",COMPLEX_BLOCK
"checkNearestNSWEBytesMmap","LLC-load-misses","thrpt",4,1,0.000542,NaN,"#/op",COMPLEX_BLOCK
"checkNearestNSWEBytesMmap","LLC-loads","thrpt",4,1,3067.782801,NaN,"#/op",COMPLEX_BLOCK
"checkNearestNSWEBytesMmap","LLC-store-misses","thrpt",4,1,0.000996,NaN,"#/op",COMPLEX_BLOCK
"checkNearestNSWEBytesMmap","LLC-stores","thrpt",4,1,44.630408,NaN,"#/op",COMPLEX_BLOCK
"checkNearestNSWEBytesMmap","branch-misses","thrpt",4,1,15.011474,NaN,"#/op",COMPLEX_BLOCK
"checkNearestNSWEBytesMmap","branches","thrpt",4,1,70992.681012,NaN,"#/op",COMPLEX_BLOCK
"checkNearestNSWEBytesMmap","cycles","thrpt",4,1,705578.814084,NaN,"#/op",COMPLEX_BLOCK
"checkNearestNSWEBytesMmap","dTLB-load-misses","thrpt",4,1,1248.374485,NaN,"#/op",COMPLEX_BLOCK
"checkNearestNSWEBytesMmap","dTLB-loads","thrpt",4,1,122008.100336,NaN,"#/op",COMPLEX_BLOCK
"checkNearestNSWEBytesMmap","dTLB-store-misses","thrpt",4,1,1.596208,NaN,"#/op",COMPLEX_BLOCK
"checkNearestNSWEBytesMmap","dTLB-stores","thrpt",4,1,11001.945693,NaN,"#/op",COMPLEX_BLOCK
"checkNearestNSWEBytesMmap","iTLB-load-misses","thrpt",4,1,25.410190,NaN,"#/op",COMPLEX_BLOCK
"checkNearestNSWEBytesMmap","instructions","thrpt",4,1,596468.055363,NaN,"#/op",COMPLEX_BLOCK
"checkNearestNSWEBytesMmap","rate","thrpt",4,10,701.717654,0.450205,"ops/s",MULTILAYER_BLOCK
"checkNearestNSWEBytesMmap","CPI","thrpt",4,1,0.976361,NaN,"clks/insn",MULTILAYER_BLOCK
"checkNearestNSWEBytesMmap","IPC","thrpt",4,1,1.024212,NaN,"insns/clk",MULTILAYER_BLOCK
"checkNearestNSWEBytesMmap","L1-dcache-loads","thrpt",4,1,582010.787226,NaN,"#/op",MULTILAYER_BLOCK
"checkNearestNSWEBytesMmap","L1-dcache-stores","thrpt",4,1,15999.533352,NaN,"#/op",MULTILAYER_BLOCK
"checkNearestNSWEBytesMmap","L1-icache-load-misses","thrpt",4,1,1377.967640,NaN,"#/op",MULTILAYER_BLOCK
"checkNearestNSWEBytesMmap","L1-icache-loads","thrpt",4,1,1085158.387724,NaN,"#/op",MULTILAYER_BLOCK
"checkNearestNSWEBytesMmap","LLC-load-misses","thrpt",4,1,0.000898,NaN,"#/op",MULTILAYER_BLOCK
"checkNearestNSWEBytesMmap","LLC-loads","thrpt",4,1,830.432807,NaN,"#/op",MULTILAYER_BLOCK
"checkNearestNSWEBytesMmap","LLC-store-misses","thrpt",4,1,0.004687,NaN,"#/op",MULTILAYER_BLOCK
"checkNearestNSWEBytesMmap","LLC-stores","thrpt",4,1,38.230912,NaN,"#/op",MULTILAYER_BLOCK
"checkNearestNSWEBytesMmap","branch-misses","thrpt",4,1,23589.923111,NaN,"#/op",MULTILAYER_BLOCK
"checkNearestNSWEBytesMmap","branches","thrpt",4,1,665088.945782,NaN,"#/op",MULTILAYER_BLOCK
"checkNearestNSWEBytesMmap","cycles","thrpt",4,1,4397121.350974,NaN,"#/op",MULTILAYER_BLOCK
"checkNearestNSWEBytesMmap","dTLB-load-misses","thrpt",4,1,60.906677,NaN,"#/op",MULTILAYER_BLOCK
"checkNearestNSWEBytesMmap","dTLB-loads","thrpt",4,1,582106.120101,NaN,"#/op",MULTILAYER_BLOCK
"checkNearestNSWEBytesMmap","dTLB-store-misses","thrpt",4,1,0.383149,NaN,"#/op",MULTILAYER_BLOCK
"checkNearestNSWEBytesMmap","dTLB-stores","thrpt",4,1,15996.079393,NaN,"#/op",MULTILAYER_BLOCK
"checkNearestNSWEBytesMmap","iTLB-load-misses","thrpt",4,1,177.489289,NaN,"#/op",MULTILAYER_BLOCK
"checkNearestNSWEBytesMmap","instructions","thrpt",4,1,4503583.435184,NaN,"#/op",MULTILAYER_BLOCK
"checkNearestNSWEFFM","rate","thrpt",4,10,2842.933863,5.044217,"ops/s",RANDOM
"checkNearestNSWEFFM","CPI","thrpt",4,1,0.946733,NaN,"clks/insn",RANDOM
"checkNearestNSWEFFM","IPC","thrpt",4,1,1.056264,NaN,"insns/clk",RANDOM
"checkNearestNSWEFFM","L1-dcache-loads","thrpt",4,1,266635.225622,NaN,"#/op",RANDOM
"checkNearestNSWEFFM","L1-dcache-stores","thrpt",4,1,21464.287211,NaN,"#/op",RANDOM
"checkNearestNSWEFFM","L1-icache-load-misses","thrpt",4,1,724.809307,NaN,"#/op",RANDOM
"checkNearestNSWEFFM","L1-icache-loads","thrpt",4,1,334431.430289,NaN,"#/op",RANDOM
"checkNearestNSWEFFM","LLC-load-misses","thrpt",4,1,0.002894,NaN,"#/op",RANDOM
"checkNearestNSWEFFM","LLC-loads","thrpt",4,1,3476.416776,NaN,"#/op",RANDOM
"checkNearestNSWEFFM","LLC-store-misses","thrpt",4,1,0.001220,NaN,"#/op",RANDOM
"checkNearestNSWEFFM","LLC-stores","thrpt",4,1,53.143957,NaN,"#/op",RANDOM
"checkNearestNSWEFFM","branch-misses","thrpt",4,1,891.021893,NaN,"#/op",RANDOM
"checkNearestNSWEFFM","branches","thrpt",4,1,140465.837558,NaN,"#/op",RANDOM
"checkNearestNSWEFFM","cycles","thrpt",4,1,1073164.610178,NaN,"#/op",RANDOM
"checkNearestNSWEFFM","dTLB-load-misses","thrpt",4,1,1290.369859,NaN,"#/op",RANDOM
"checkNearestNSWEFFM","dTLB-loads","thrpt",4,1,266810.337000,NaN,"#/op",RANDOM
"checkNearestNSWEFFM","dTLB-store-misses","thrpt",4,1,2.661984,NaN,"#/op",RANDOM
"checkNearestNSWEFFM","dTLB-stores","thrpt",4,1,21472.697933,NaN,"#/op",RANDOM
"checkNearestNSWEFFM","iTLB-load-misses","thrpt",4,1,40.270875,NaN,"#/op",RANDOM
"checkNearestNSWEFFM","instructions","thrpt",4,1,1133545.376629,NaN,"#/op",RANDOM
"checkNearestNSWEFFM","rate","thrpt",4,10,22435.256641,20.595145,"ops/s",FLAT_BLOCK
"checkNearestNSWEFFM","CPI","thrpt",4,1,0.404973,NaN,"clks/insn",FLAT_BLOCK
"checkNearestNSWEFFM","IPC","thrpt",4,1,2.469298,NaN,"insns/clk",FLAT_BLOCK
"checkNearestNSWEFFM","L1-dcache-loads","thrpt",4,1,50164.163476,NaN,"#/op",FLAT_BLOCK
"checkNearestNSWEFFM","L1-dcache-stores","thrpt",4,1,199.795121,NaN,"#/op",FLAT_BLOCK
"checkNearestNSWEFFM","L1-icache-load-misses","thrpt",4,1,8.765756,NaN,"#/op",FLAT_BLOCK
"checkNearestNSWEFFM","L1-icache-loads","thrpt",4,1,42004.479999,NaN,"#/op",FLAT_BLOCK
"checkNearestNSWEFFM","LLC-load-misses","thrpt",4,1,0.000005,NaN,"#/op",FLAT_BLOCK
"checkNearestNSWEFFM","LLC-loads","thrpt",4,1,0.951206,NaN,"#/op",FLAT_BLOCK
"checkNearestNSWEFFM","LLC-store-misses","thrpt",4,1,0.000141,NaN,"#/op",FLAT_BLOCK
"checkNearestNSWEFFM","LLC-stores","thrpt",4,1,0.345513,NaN,"#/op",FLAT_BLOCK
"checkNearestNSWEFFM","branch-misses","thrpt",4,1,11.634534,NaN,"#/op",FLAT_BLOCK
"checkNearestNSWEFFM","branches","thrpt",4,1,59921.938791,NaN,"#/op",FLAT_BLOCK
"checkNearestNSWEFFM","cycles","thrpt",4,1,137541.233635,NaN,"#/op",FLAT_BLOCK
"checkNearestNSWEFFM","dTLB-load-misses","thrpt",4,1,1.433838,NaN,"#/op",FLAT_BLOCK
"checkNearestNSWEFFM","dTLB-loads","thrpt",4,1,50259.001167,NaN,"#/op",FLAT_BLOCK
"checkNearestNSWEFFM","dTLB-store-misses","thrpt",4,1,0.005323,NaN,"#/op",FLAT_BLOCK
"checkNearestNSWEFFM","dTLB-stores","thrpt",4,1,200.030774,NaN,"#/op",FLAT_BLOCK
"checkNearestNSWEFFM","iTLB-load-misses","thrpt",4,1,4.330303,NaN,"#/op",FLAT_BLOCK
"checkNearestNSWEFFM","instructions","thrpt",4,1,339630.281616,NaN,"#/op",FLAT_BLOCK
"checkNearestNSWEFFM","rate","thrpt",4,10,4339.111314,17.502055,"ops/s",COMPLEX_BLOCK
"checkNearestNSWEFFM","CPI","thrpt",4,1,1.156082,NaN,"clks/insn",COMPLEX_BLOCK
"checkNearestNSWEFFM","IPC","thrpt",4,1,0.864991,NaN,"insns/clk",COMPLEX_BLOCK
"checkNearestNSWEFFM","L1-dcache-loads","thrpt",4,1,111473.811556,NaN,"#/op",COMPLEX_BLOCK
"checkNearestNSWEFFM","L1-dcache-stores","thrpt",4,1,976.065486,NaN,"#/op",COMPLEX_BLOCK
"checkNearestNSWEFFM","L1-icache-load-misses","thrpt",4,1,446.131304,NaN,"#/op",COMPLEX_BLOCK
"checkNearestNSWEFFM","L1-icache-loads","thrpt",4,1,221747.647320,NaN,"#/op",COMPLEX_BLOCK
"checkNearestNSWEFFM","LLC-load-misses","thrpt",4,1,0.000293,NaN,"#/op",COMPLEX_BLOCK
"checkNearestNSWEFFM","LLC-loads","thrpt",4,1,2981.181719,NaN,"#/op",COMPLEX_BLOCK
"checkNearestNSWEFFM","LLC-store-misses","thrpt",4,1,0.000634,NaN,"#/op",COMPLEX_BLOCK
"checkNearestNSWEFFM","LLC-stores","thrpt",4,1,43.040953,NaN,"#/op",COMPLEX_BLOCK
"checkNearestNSWEFFM","branch-misses","thrpt",4,1,14.880494,NaN,"#/op",COMPLEX_BLOCK
"checkNearestNSWEFFM","branches","thrpt",4,1,80998.988937,NaN,"#/op",COMPLEX_BLOCK
"checkNearestNSWEFFM","cycles","thrpt",4,1,701295.126981,NaN,"#/op",COMPLEX_BLOCK
"checkNearestNSWEFFM","dTLB-load-misses","thrpt",4,1,708.743535,NaN,"#/op",COMPLEX_BLOCK
"checkNearestNSWEFFM","dTLB-loads","thrpt",4,1,111805.481871,NaN,"#/op",COMPLEX_BLOCK
"checkNearestNSWEFFM","dTLB-store-misses","thrpt",4,1,1.871974,NaN,"#/op",COMPLEX_BLOCK
"checkNearestNSWEFFM","dTLB-stores","thrpt",4,1,980.726256,NaN,"#/op",COMPLEX_BLOCK
"checkNearestNSWEFFM","iTLB-load-misses","thrpt",4,1,23.431815,NaN,"#/op",COMPLEX_BLOCK
"checkNearestNSWEFFM","instructions","thrpt",4,1,606613.744861,NaN,"#/op",COMPLEX_BLOCK
"checkNearestNSWEFFM","rate","thrpt",4,10,737.706615,0.962461,"ops/s",MULTILAYER_BLOCK
"checkNearestNSWEFFM","CPI","thrpt",4,1,0.919290,NaN,"clks/insn",MULTILAYER_BLOCK
"checkNearestNSWEFFM","IPC","thrpt",4,1,1.087796,NaN,"insns/clk",MULTILAYER_BLOCK
"checkNearestNSWEFFM","L1-dcache-loads","thrpt",4,1,581517.886327,NaN,"#/op",MULTILAYER_BLOCK
"checkNearestNSWEFFM","L1-dcache-stores","thrpt",4,1,15685.781355,NaN,"#/op",MULTILAYER_BLOCK
"checkNearestNSWEFFM","L1-icache-load-misses","thrpt",4,1,1091.901860,NaN,"#/op",MULTILAYER_BLOCK
"checkNearestNSWEFFM","L1-icache-loads","thrpt",4,1,1078031.746628,NaN,"#/op",MULTILAYER_BLOCK
"checkNearestNSWEFFM","LLC-load-misses","thrpt",4,1,0.000823,NaN,"#/op",MULTILAYER_BLOCK
"checkNearestNSWEFFM","LLC-loads","thrpt",4,1,721.598168,NaN,"#/op",MULTILAYER_BLOCK
"checkNearestNSWEFFM","LLC-store-misses","thrpt",4,1,0.003448,NaN,"#/op",MULTILAYER_BLOCK
"checkNearestNSWEFFM","LLC-stores","thrpt",4,1,50.880416,NaN,"#/op",MULTILAYER_BLOCK
"checkNearestNSWEFFM","branch-misses","thrpt",4,1,23243.835995,NaN,"#/op",MULTILAYER_BLOCK
"checkNearestNSWEFFM","branches","thrpt",4,1,702945.577429,NaN,"#/op",MULTILAYER_BLOCK
"checkNearestNSWEFFM","cycles","thrpt",4,1,4182938.631018,NaN,"#/op",MULTILAYER_BLOCK
"checkNearestNSWEFFM","dTLB-load-misses","thrpt",4,1,25.915797,NaN,"#/op",MULTILAYER_BLOCK
"checkNearestNSWEFFM","dTLB-loads","thrpt",4,1,581317.337829,NaN,"#/op",MULTILAYER_BLOCK
"checkNearestNSWEFFM","dTLB-store-misses","thrpt",4,1,0.178342,NaN,"#/op",MULTILAYER_BLOCK
"checkNearestNSWEFFM","dTLB-stores","thrpt",4,1,15689.304516,NaN,"#/op",MULTILAYER_BLOCK
"checkNearestNSWEFFM","iTLB-load-misses","thrpt",4,1,135.992114,NaN,"#/op",MULTILAYER_BLOCK
"checkNearestNSWEFFM","instructions","thrpt",4,1,4550181.968934,NaN,"#/op",MULTILAYER_BLOCK
